{
  "train": [
    {
      "loss": 9.265645742416382,
      "ce": 8.582317352294922,
      "mse": 1.3666570484638214,
      "causal": 0.0,
      "kolmogorov": 0.0
    }
  ],
  "val": [
    {
      "loss": 9.238496780395508
    }
  ]
}